application_id,application_date,applicant_name,channel,state
APP100000,2025-11-23,Michael Stephens,web,PA
APP100001,2025-08-02,Heather Sanders,web,MI
APP100002,2025-09-17,Bryan Charles,branch,IL
APP100003,2025-09-08,Matthew May,mobile,NY
APP100004,2025-12-11,Alison Buchanan,mobile,NY
APP100005,2025-11-30,Cameron Cunningham,mobile,CA
APP100006,2026-01-09,Phillip Clark,web,MI
APP100007,2025-08-13,Sergio Murphy,web,GA
APP100008,2025-10-14,Steven Smith,partner,IL
APP100009,2025-08-03,Brianna Anderson,web,MI
APP100010,2025-09-07,Christopher Guerrero,web,PA
APP100011,2025-10-29,Adrian Tyler,web,FL
APP100012,2025-08-02,Franklin Thompson,mobile,MI
APP100013,2025-09-03,Patrick Fox,mobile,IL
APP100014,2025-11-25,Karen Strickland,web,MI
APP100015,2025-11-06,Ashley Gordon,mobile,MI
APP100016,2025-09-07,Amanda Logan,partner,CA
APP100017,2025-11-14,Kelly Ellis,mobile,GA
APP100018,2025-12-24,Amy Mendoza,partner,IL
APP100019,2025-07-30,Michael Henry,branch,NY
APP100020,2025-12-24,Angel Miller,web,TX
APP100021,2025-12-04,Ana Hill,mobile,GA
APP100022,2025-09-29,Kimberly Nguyen,partner,GA
APP100023,2025-08-26,Kerry Chavez DDS,branch,FL
APP100024,2026-01-21,Michael Farrell,branch,TX
APP100025,2025-09-28,Patricia Le,mobile,GA
APP100026,2025-08-15,Jesse Perez,mobile,PA
APP100027,2025-08-15,Jesse Perry,branch,NY
APP100028,2025-12-31,Jeffery Ortega,web,GA
APP100029,2025-11-17,Christian Leblanc,web,NY
APP100030,2025-12-24,Ronald Davis,partner,CA
APP100031,2025-12-10,Parker Cain,web,MI
APP100032,2025-11-04,Laurie Hoffman,branch,IL
APP100033,2026-01-24,Bryan Gomez,branch,CA
APP100034,2025-10-06,Nicole Parrish,branch,NY
APP100035,2025-11-07,Tracy Burke,web,GA
APP100036,2025-12-28,Kenneth Lewis,partner,TX
APP100037,2025-11-19,Courtney Rodriguez,web,NY
APP100038,2026-01-03,Holly Farmer,partner,GA
APP100039,2025-11-12,Renee Bruce,web,OH
APP100040,2025-12-05,Sabrina Austin,branch,FL
APP100041,2025-08-06,Allison Hickman,branch,PA
APP100042,2025-09-08,Debra White,mobile,PA
APP100043,2025-09-20,Ellen Morgan,web,NC
APP100044,2025-08-12,Sergio Knight,web,NC
APP100045,2025-09-09,Charles Schultz,mobile,CA
APP100046,2025-08-16,Paul Lewis,branch,FL
APP100047,2025-09-18,Glen Wood,web,IL
APP100048,2025-11-22,Paula Bradley,mobile,PA
APP100049,2025-10-04,Anthony Moore,web,NC
APP100050,2025-10-05,Megan Nelson,partner,FL
APP100051,2025-09-05,Karla Ramos,branch,MI
APP100052,2025-09-16,Paul Wilson,partner,IL
APP100053,2026-01-17,Douglas Gregory,branch,NY
APP100054,2025-11-25,Mr. Andrew Foster,mobile,FL
APP100055,2025-11-18,Aimee Turner,branch,TX
APP100056,2025-08-29,Chad Scott,branch,NC
APP100057,2025-12-10,Adam Burgess,mobile,NY
APP100058,2025-08-28,James Padilla,branch,NY
APP100059,2025-10-06,Sandra Drake,web,NC
APP100060,2026-01-27,Scott Williams,mobile,OH
APP100061,2025-11-23,Thomas Atkins,mobile,OH
APP100062,2025-11-08,Laura Mckinney,mobile,PA
APP100063,2025-12-01,Brian Smith,partner,NC
APP100064,2025-12-31,Robert Montgomery,partner,NC
APP100065,2025-12-18,Tamara Davis,branch,PA
APP100066,2025-09-09,Dana Chapman,mobile,PA
APP100067,2025-08-03,Jennifer Collins,branch,CA
APP100068,2025-09-25,Gary Jackson,web,IL
APP100069,2025-09-16,Ashley Hicks,mobile,GA
APP100070,2025-09-05,Hannah Luna,web,PA
APP100071,2026-01-18,Robin Young,branch,GA
APP100072,2026-01-06,Craig Morrison,partner,TX
APP100073,2025-09-24,Mary Thompson,branch,IL
APP100074,2025-11-26,Kathleen Webster,web,IL
APP100075,2025-10-09,Joann Glass,mobile,FL
APP100076,2026-01-13,Madison Weber,branch,CA
APP100077,2025-10-21,Lori Hernandez,mobile,OH
APP100078,2025-09-15,Jeremy Turner,partner,IL
APP100079,2025-09-12,Anthony Romero,partner,FL
APP100080,2025-11-09,Jesse Brown,partner,TX
APP100081,2025-09-15,Angela Lin,mobile,NC
APP100082,2025-11-13,Lisa Hunter,branch,FL
APP100083,2026-01-10,Julian Conner,mobile,IL
APP100084,2025-10-10,Joanna Pacheco,mobile,OH
APP100085,2025-09-07,Erica Alvarez,branch,PA
APP100086,2026-01-28,Antonio Garcia,partner,PA
APP100087,2025-10-30,Gwendolyn Klein,partner,FL
APP100088,2025-08-14,Carrie Wright,branch,MI
APP100089,2025-08-06,Jeffrey Mills,mobile,OH
APP100090,2025-08-18,Jake Campbell,mobile,NC
APP100091,2025-11-21,George Harper,partner,MI
APP100092,2025-12-21,Maria Jones,web,OH
APP100093,2025-10-14,Michael Mitchell,web,CA
APP100094,2025-08-09,Mary Escobar,web,NC
APP100095,2025-10-07,Felicia Aguilar,mobile,OH
APP100096,2026-01-28,Gregory Ponce,mobile,OH
APP100097,2025-11-03,Jenna Larson,partner,PA
APP100098,2026-01-23,Emily Bennett,web,CA
APP100099,2026-01-03,Robin Santiago,partner,OH
APP100100,2025-07-31,Nancy Jennings,partner,CA
APP100101,2025-12-08,Maria Henderson,partner,TX
APP100102,2025-12-01,Jack White,branch,CA
APP100103,2025-11-04,Travis Tucker,web,GA
APP100104,2025-09-16,Chad Jones,web,NC
APP100105,2025-11-23,Ashley Wise,branch,PA
APP100106,2025-08-18,Sophia Johnson,branch,PA
APP100107,2025-10-16,Ralph Anderson,web,PA
APP100108,2025-10-20,Christopher Guerra,branch,PA
APP100109,2026-01-20,Rhonda Martin,partner,OH
APP100110,2026-01-06,Jason Rhodes,mobile,PA
APP100111,2025-09-15,Jeremy Mitchell,partner,CA
APP100112,2025-10-29,Joann Ferguson,web,GA
APP100113,2025-08-30,Robert Harrison,branch,FL
APP100114,2026-01-12,Holly Valentine,mobile,NY
APP100115,2026-01-05,Mrs. Diane Reyes,web,IL
APP100116,2025-09-21,Tracy Montoya,branch,FL
APP100117,2025-11-23,Brenda Wright,mobile,FL
APP100118,2025-11-18,Shelly Spencer,mobile,CA
APP100119,2025-08-26,Ryan Rosales,branch,PA
APP100120,2025-12-16,Phillip Nelson,mobile,OH
APP100121,2025-11-05,Brittany Kim,web,CA
APP100122,2025-12-19,Courtney Hayes,branch,OH
APP100123,2025-11-03,Alexander Brown,partner,NY
APP100124,2025-07-29,Cynthia Vang,web,TX
APP100125,2025-09-26,Alfred Galvan,web,IL
APP100126,2025-08-01,Marie Moody,branch,TX
APP100127,2026-01-15,Dustin Gallegos,branch,CA
APP100128,2026-01-06,Brenda Thornton,mobile,PA
APP100129,2025-12-29,Aaron Miller,web,IL
APP100130,2025-09-23,Ruben Dunn,mobile,FL
APP100131,2025-08-08,Kelsey Rodriguez,web,MI
APP100132,2026-01-06,Eric Williams,web,GA
APP100133,2026-01-19,Riley Bryant,partner,NC
APP100134,2025-08-13,Taylor Carlson,web,MI
APP100135,2025-10-26,Jose Allen,mobile,PA
APP100136,2025-08-10,Jeffrey Mendez,mobile,CA
APP100137,2025-12-15,Jason Beck,partner,FL
APP100138,2025-12-16,William Jones,mobile,CA
APP100139,2025-08-21,Katie Mcneil,branch,PA
APP100140,2025-10-24,Jeanette Harrison,partner,TX
APP100141,2025-11-07,Veronica King,mobile,IL
APP100142,2025-09-15,Richard Cooper,mobile,MI
APP100143,2026-01-05,Lori Ingram,branch,OH
APP100144,2025-10-14,Evelyn Williams,partner,FL
APP100145,2025-09-05,Robin Thompson,branch,IL
APP100146,2025-11-05,Julie Dominguez,partner,IL
APP100147,2025-12-10,Robin Brown,partner,FL
APP100148,2025-09-04,Judith Carter,web,NY
APP100149,2025-09-24,Curtis Williams,mobile,IL
APP100150,2026-01-28,Kaylee Hays,mobile,TX
APP100151,2025-11-25,Dawn Mullins,web,NY
APP100152,2025-10-17,Howard Norman,branch,GA
APP100153,2025-11-01,Evelyn Martinez,web,TX
APP100154,2025-08-20,Steve Paul,mobile,TX
APP100155,2025-09-08,Jasmine Beltran,mobile,CA
APP100156,2025-09-29,Jonathan Glass MD,web,CA
APP100157,2025-11-14,Monica Miller,web,NY
APP100158,2025-09-09,Samantha Gardner,web,GA
APP100159,2025-09-07,Bobby Guerrero,mobile,GA
APP100160,2025-08-11,Lance Simmons,web,IL
APP100161,2025-11-22,Heather Williams,web,OH
APP100162,2025-09-09,Heather Bolton,branch,PA
APP100163,2026-01-11,William Gould,web,GA
APP100164,2026-01-03,Mark Cox,mobile,NY
APP100165,2025-08-11,Meghan Cisneros,branch,PA
APP100166,2025-09-10,Lawrence Harrington,partner,FL
APP100167,2025-11-29,Austin Osborne,mobile,MI
APP100168,2025-09-06,James Bradley,mobile,OH
APP100169,2025-08-22,Meghan Rush,partner,OH
APP100170,2026-01-17,Phillip Berry,mobile,NC
APP100171,2025-11-11,Jennifer Banks,partner,CA
APP100172,2025-10-23,Brian Fitzgerald,partner,GA
APP100173,2025-12-20,Mr. Justin Green III,mobile,CA
APP100174,2025-12-24,Zachary Mitchell,web,TX
APP100175,2025-09-02,Katherine Martinez,web,CA
APP100176,2025-08-15,Jodi Roach,partner,IL
APP100177,2025-10-16,Brandon Fleming,branch,IL
APP100178,2025-10-14,Emma Reed,partner,PA
APP100179,2025-10-22,Joshua Vance,partner,NY
APP100180,2025-12-10,Michelle Ho,partner,GA
APP100181,2025-11-29,Rebecca Hicks,web,GA
APP100182,2026-01-26,Curtis Taylor,web,IL
APP100183,2025-08-16,Allison Spencer,web,NY
APP100184,2025-10-11,Robert Arnold,partner,PA
APP100185,2025-09-29,Angelica Parker,branch,TX
APP100186,2026-01-03,Dr. Kelly Hammond DVM,web,NC
APP100187,2025-09-12,William Day,mobile,OH
APP100188,2025-09-01,Michael Cooper,mobile,NC
APP100189,2025-10-19,Penny Bowman,mobile,IL
APP100190,2025-10-14,Vincent Reynolds,partner,NC
APP100191,2025-09-18,Amy Martinez,mobile,OH
APP100192,2025-09-12,Christopher Morris,partner,TX
APP100193,2026-01-14,Hannah Everett,mobile,MI
APP100194,2025-10-18,Sarah King,branch,FL
APP100195,2026-01-03,Krista Martinez,partner,PA
APP100196,2025-11-07,Joseph Shaw,mobile,CA
APP100197,2025-08-07,Todd Moore,web,OH
APP100198,2026-01-28,Michelle Jacobs,partner,PA
APP100199,2025-12-29,Kristy Bryan,web,TX
APP100200,2026-01-23,Angel May,web,IL
APP100201,2026-01-15,Marilyn Wang,web,NC
APP100202,2026-01-01,Mark Jimenez,web,FL
APP100203,2025-08-28,Donna Frye,mobile,TX
APP100204,2025-10-26,Dr. Michael Evans,mobile,NY
APP100205,2025-09-06,Anthony Gonzales,partner,MI
APP100206,2025-10-10,Mr. Lawrence Edwards,partner,OH
APP100207,2025-08-08,Morgan Valencia,partner,IL
APP100208,2025-10-06,Bianca Wood,mobile,NY
APP100209,2026-01-26,Emma Owens,partner,NY
APP100210,2025-09-15,David Davis,web,MI
APP100211,2025-12-20,James Gilbert,mobile,TX
APP100212,2025-10-20,Sean Moore,partner,MI
APP100213,2025-10-14,Kenneth Edwards,web,GA
APP100214,2026-01-21,Kathleen Robertson,partner,TX
APP100215,2026-01-28,Mr. Alexander Landry MD,branch,TX
APP100216,2025-11-08,Cindy Gomez,partner,CA
APP100217,2025-12-08,Johnny Khan,branch,PA
APP100218,2025-08-26,Julie Herrera,partner,NY
APP100219,2025-09-21,Jessica Khan,partner,NC
APP100220,2026-01-23,Pamela Diaz,mobile,OH
APP100221,2025-11-12,Kelly Lee,mobile,GA
APP100222,2025-11-05,Angel Gordon,branch,GA
APP100223,2025-12-13,Diana Hays,mobile,OH
APP100224,2025-08-08,Barbara Hester,web,FL
APP100225,2025-11-13,Robert Morgan,web,MI
APP100226,2025-10-29,Nicole Gonzalez,branch,FL
APP100227,2026-01-01,Kathryn Williams,web,FL
APP100228,2025-08-26,Gary Wells,web,CA
APP100229,2026-01-21,Larry Robertson,partner,PA
APP100230,2025-08-12,Louis Martin,mobile,OH
APP100231,2025-09-01,Nancy Evans MD,web,NY
APP100232,2025-11-15,Kim Erickson,web,OH
APP100233,2025-11-30,Robert Richardson,mobile,NY
APP100234,2025-09-10,Veronica Silva,web,NC
APP100235,2025-08-20,Molly Watts,web,PA
APP100236,2026-01-08,John Coffey,mobile,CA
APP100237,2025-09-12,Paula Lane,partner,IL
APP100238,2025-11-15,Lauren Jackson,web,OH
APP100239,2025-11-19,Lisa Randall,mobile,IL
APP100240,2025-10-14,Michael Johnson,web,OH
APP100241,2025-11-13,Ashley Smith,web,OH
APP100242,2025-11-02,Christian Vaughn,partner,TX
APP100243,2026-01-16,Reginald Knapp,branch,PA
APP100244,2025-09-04,Nancy Brown,branch,OH
APP100245,2025-12-07,Daniel Nguyen,mobile,NY
APP100246,2025-09-10,Kelly Edwards,branch,CA
APP100247,2025-10-09,Thomas Peterson,mobile,GA
APP100248,2025-11-29,Raymond Le,branch,IL
APP100249,2025-09-22,Melissa Bishop,partner,NC
APP100250,2025-09-25,David Grant,mobile,CA
APP100251,2025-12-14,William Evans,branch,PA
APP100252,2025-08-11,Daniel Bush,partner,OH
APP100253,2025-10-21,Gregory Peck,branch,PA
APP100254,2026-01-28,Denise Martinez,web,MI
APP100255,2026-01-28,Jamie Baird,web,OH
APP100256,2025-08-11,Tina Ballard,partner,IL
APP100257,2025-09-06,Dwayne Klein,web,OH
APP100258,2025-09-15,Jeremy Scott,web,FL
APP100259,2026-01-16,Dale Ryan,mobile,PA
APP100260,2026-01-07,Melissa Taylor,branch,OH
APP100261,2026-01-06,Laurie Sanchez,mobile,TX
APP100262,2025-10-04,Kiara Little,branch,CA
APP100263,2025-08-27,Jason Love,web,MI
APP100264,2025-12-29,Randy Smith,mobile,CA
APP100265,2025-12-05,Tanya Russell,branch,GA
APP100266,2025-11-18,Sherry Woods,branch,PA
APP100267,2026-01-26,Victor Morris,mobile,FL
APP100268,2025-11-26,Susan Davis,partner,PA
APP100269,2025-07-30,Kimberly Sharp,branch,FL
APP100270,2025-12-26,Susan Thompson,web,FL
APP100271,2025-09-22,Casey Gillespie,branch,MI
APP100272,2025-11-28,Jennifer Simpson DVM,web,CA
APP100273,2026-01-17,Tammy Mcdowell,mobile,CA
APP100274,2025-08-22,Keith Rodriguez,branch,GA
APP100275,2025-08-19,Mrs. Virginia Daniels,web,MI
APP100276,2025-08-17,Todd Rosales MD,web,PA
APP100277,2025-11-07,Brian Martin,mobile,GA
APP100278,2025-09-17,David Lopez,branch,TX
APP100279,2025-11-17,Rachel Bradley,branch,MI
APP100280,2025-12-08,Casey Chase,mobile,GA
APP100281,2025-09-04,Samantha Robertson,branch,IL
APP100282,2025-11-22,Michael Lopez,mobile,GA
APP100283,2025-09-15,Franklin Wright,branch,PA
APP100284,2025-10-26,David Molina,partner,GA
APP100285,2026-01-11,Elizabeth Sharp,branch,NC
APP100286,2025-12-31,Matthew Schwartz,web,NC
APP100287,2025-08-14,Bryan Parker,web,IL
APP100288,2025-10-14,Jonathan Jacobson,partner,IL
APP100289,2025-09-17,Emily Wilson,branch,NC
APP100290,2025-07-29,Elizabeth Mendez,web,IL
APP100291,2025-12-17,Casey Hernandez,web,IL
APP100292,2025-11-23,Lisa Perry,branch,CA
APP100293,2025-09-15,Kaitlin Medina,mobile,CA
APP100294,2025-12-12,Colleen Wright,branch,GA
APP100295,2025-11-07,Shelley Miller,mobile,NC
APP100296,2025-10-15,Michael Miller,partner,PA
APP100297,2025-07-30,Amy Kelley,partner,NC
APP100298,2025-08-11,Laura Hernandez,web,NC
APP100299,2026-01-07,Joseph Wilson,web,TX
APP100300,2026-01-11,Kevin Davis,web,TX
APP100301,2025-11-06,Rhonda Chavez,mobile,IL
APP100302,2025-12-29,Joyce Brown,web,NY
APP100303,2025-11-13,Robert Cummings,branch,CA
APP100304,2025-08-25,Robert Reese,mobile,FL
APP100305,2025-08-21,Amber Cooper,partner,PA
APP100306,2025-09-23,Zachary Michael,mobile,TX
APP100307,2026-01-10,Timothy Johnson,web,NC
APP100308,2025-12-22,Randy Cannon,branch,NC
APP100309,2026-01-03,Maria Fisher,branch,NY
APP100310,2026-01-10,Janet Kane DVM,web,NY
APP100311,2025-09-05,Michael Stanley,branch,CA
APP100312,2025-09-12,Martha Bailey,mobile,TX
APP100313,2025-08-16,Joshua Rice,mobile,PA
APP100314,2025-12-19,Courtney Smith,web,PA
APP100315,2026-01-07,Edwin Nunez,branch,IL
APP100316,2025-10-11,Kim Morrow,partner,IL
APP100317,2025-11-20,Gregory Hill,mobile,FL
APP100318,2025-08-26,Molly Rodriguez,mobile,OH
APP100319,2026-01-16,Jennifer Miranda,mobile,NC
APP100320,2026-01-04,Alexis Harris,mobile,IL
APP100321,2026-01-24,Andrew Harper,partner,FL
APP100322,2025-12-25,Amber Yang,web,NY
APP100323,2026-01-07,David Robinson,mobile,NC
APP100324,2025-08-02,Amy Gordon,branch,IL
APP100325,2025-12-11,Robert Dennis,partner,MI
APP100326,2025-09-28,Kyle Chambers,mobile,CA
APP100327,2026-01-16,Eric Thomas,branch,IL
APP100328,2025-12-23,Connie Turner,mobile,NC
APP100329,2026-01-03,Travis Hobbs,web,FL
APP100330,2025-12-25,Lori Simmons,partner,GA
APP100331,2025-09-16,William David DDS,web,NY
APP100332,2025-12-20,Emma Butler,partner,NC
APP100333,2025-08-17,James Webster,mobile,PA
APP100334,2026-01-05,Samuel Turner,mobile,CA
APP100335,2026-01-02,Renee Melendez,partner,PA
APP100336,2025-09-07,Tracy Grant,branch,FL
APP100337,2025-12-26,David Harris,branch,GA
APP100338,2025-10-21,Tammy Boone,mobile,NY
APP100339,2025-09-23,Nathaniel Lee,mobile,MI
APP100340,2025-12-22,Michael Morrison,web,NC
APP100341,2025-09-08,Chelsea Gill,mobile,NC
APP100342,2025-08-02,Kristin Mendoza,partner,FL
APP100343,2025-09-02,Felicia Krueger,branch,FL
APP100344,2025-09-27,Timothy Hayden,branch,IL
APP100345,2026-01-04,Zachary Mendoza,web,GA
APP100346,2026-01-22,Larry Harris,branch,CA
APP100347,2025-09-18,Kristen Rowe,branch,CA
APP100348,2025-11-24,Joseph Howard,partner,TX
APP100349,2025-10-10,Jose Crawford,branch,OH
APP100350,2026-01-25,William Harrison,web,OH
APP100351,2025-11-04,Suzanne Wood,web,CA
APP100352,2026-01-17,Justin Walker,branch,IL
APP100353,2025-08-19,Dean Donovan,mobile,NY
APP100354,2026-01-23,Jennifer Hernandez,branch,CA
APP100355,2025-08-30,James Whitaker,web,PA
APP100356,2026-01-22,Mr. Michael Scott PhD,web,CA
APP100357,2025-09-15,Maria Henry,partner,PA
APP100358,2025-08-17,Robert Jackson,branch,FL
APP100359,2025-10-16,Katherine Stark,branch,OH
APP100360,2025-12-10,Maria Brown,partner,TX
APP100361,2025-09-24,Ryan Landry,web,TX
APP100362,2025-11-17,Pamela Gutierrez,partner,IL
APP100363,2025-10-31,Crystal Mann,mobile,GA
APP100364,2025-10-07,Jonathan Brooks,branch,CA
APP100365,2025-11-12,Mary Jensen,web,PA
APP100366,2025-09-13,Mr. Aaron Arnold,partner,IL
APP100367,2025-12-06,Joseph Hill,web,GA
APP100368,2025-07-29,Alicia Li,mobile,CA
APP100369,2026-01-15,Renee Browning,branch,TX
APP100370,2025-11-05,Brent Hernandez,partner,OH
APP100371,2025-12-08,Joseph Ochoa,web,GA
APP100372,2025-12-12,James Watson,branch,IL
APP100373,2025-11-29,Karl Branch,branch,PA
APP100374,2025-10-04,Michael Abbott,web,TX
APP100375,2025-08-10,Shannon Malone,branch,FL
APP100376,2025-11-28,James Tran,branch,OH
APP100377,2025-09-27,Adam Jackson,partner,CA
APP100378,2025-09-24,Mr. Richard Knight PhD,branch,GA
APP100379,2026-01-01,Joseph Williams,partner,FL
APP100380,2025-12-08,Sean Clay,branch,PA
APP100381,2025-09-22,Anthony Jones,mobile,OH
APP100382,2025-09-23,Stephanie Elliott,mobile,FL
APP100383,2025-10-12,Timothy Edwards,partner,CA
APP100384,2025-10-11,Laurie Goodwin,partner,NY
APP100385,2025-09-21,Jennifer Jones,mobile,CA
APP100386,2025-08-21,David Davenport,branch,TX
APP100387,2025-10-14,Steven Rivera,partner,GA
APP100388,2026-01-18,Brenda Hinton,web,MI
APP100389,2025-11-30,Kathryn Mccann,branch,CA
APP100390,2026-01-11,Jeffrey Roberson,branch,NC
APP100391,2025-11-19,Randy Friedman,mobile,MI
APP100392,2025-09-22,Raymond Johnson,partner,MI
APP100393,2025-11-06,Willie Henry,branch,GA
APP100394,2025-07-29,Todd Reynolds,partner,GA
APP100395,2025-09-19,Mary Miller,partner,PA
APP100396,2025-10-16,Rebecca Marquez,partner,TX
APP100397,2025-11-12,Christian Dawson,mobile,PA
APP100398,2025-11-26,Nancy Stewart,partner,FL
APP100399,2025-10-22,Aaron Parker,mobile,FL
APP100400,2025-10-18,Derrick Anderson,web,FL
APP100401,2025-09-06,Jerry Peters,branch,NY
APP100402,2025-10-24,Alexander Gomez,branch,CA
APP100403,2026-01-10,Kyle Nguyen,web,IL
APP100404,2025-12-22,Edgar Hughes,mobile,GA
APP100405,2025-08-29,Steven Stein,branch,IL
APP100406,2025-08-13,Laura Jackson,mobile,OH
APP100407,2025-10-31,Charles Turner,mobile,GA
APP100408,2025-11-22,Arthur Hamilton MD,mobile,GA
APP100409,2025-09-28,Mr. David Wright,web,GA
APP100410,2025-12-26,Linda Gonzalez,web,IL
APP100411,2025-12-14,Eric Rush,mobile,GA
APP100412,2025-11-29,Manuel Brock,partner,NC
APP100413,2025-09-08,George Ochoa,web,NY
APP100414,2025-09-03,Valerie Taylor,partner,OH
APP100415,2025-08-02,Travis Harris,partner,CA
APP100416,2025-09-12,Vincent Novak,mobile,MI
APP100417,2025-10-24,Michael Henry,partner,NC
APP100418,2026-01-01,Dana Bennett,partner,IL
APP100419,2025-08-11,Jenna Wilson,partner,TX
APP100420,2025-10-13,Leslie Gardner,mobile,NC
APP100421,2025-11-21,Krista Benton,mobile,MI
APP100422,2025-09-02,Michael Gonzales,web,FL
APP100423,2025-12-04,Michael Fuentes,web,MI
APP100424,2025-10-27,Jennifer Porter,partner,TX
APP100425,2025-09-11,Dana Hopkins,mobile,NC
APP100426,2025-11-26,Rachel Jones,mobile,MI
APP100427,2025-07-30,Karen Morales DDS,partner,CA
APP100428,2025-12-14,Melissa Stephens,web,IL
APP100429,2025-12-17,Heather Woodard,mobile,NC
APP100430,2025-08-17,Margaret Miller,web,NC
APP100431,2025-10-15,Mary Kelly,partner,TX
APP100432,2025-08-30,Amanda Terrell,mobile,OH
APP100433,2026-01-21,Jennifer Goodwin,partner,FL
APP100434,2025-11-01,Jessica Smith,branch,FL
APP100435,2025-08-07,Jorge Stone,partner,OH
APP100436,2025-09-12,Laura Griffin,partner,GA
APP100437,2026-01-01,Raymond Chapman,partner,MI
APP100438,2025-10-20,Haley Johnson,mobile,IL
APP100439,2025-12-23,Jason Nixon,partner,GA
APP100440,2025-11-28,Todd Thomas,partner,TX
APP100441,2026-01-26,Jesse Clark,branch,NY
APP100442,2025-11-15,Mr. Jeffrey Horton,mobile,NC
APP100443,2026-01-19,Eric Patrick,branch,CA
APP100444,2026-01-09,Samuel Wong,partner,FL
APP100445,2025-11-18,Carly Riggs,mobile,PA
APP100446,2025-12-08,Christopher Moore,branch,FL
APP100447,2025-10-29,Tina Hall,partner,PA
APP100448,2025-12-28,Cody Davidson,web,TX
APP100449,2025-11-06,Allen Mendez,branch,PA
APP100450,2026-01-10,Kevin Price,mobile,GA
APP100451,2025-12-12,Christine Goodwin,branch,TX
APP100452,2025-10-24,Amy Garcia,branch,NC
APP100453,2025-09-14,Chelsea Nguyen,branch,FL
APP100454,2025-09-12,Dennis Huffman,web,GA
APP100455,2025-11-23,Margaret Harper,mobile,OH
APP100456,2025-12-16,Laurie Bailey,mobile,PA
APP100457,2025-11-01,Lisa Cervantes,mobile,MI
APP100458,2025-11-21,Elizabeth Mendez,partner,NC
APP100459,2025-09-17,Cesar Wilson,mobile,CA
APP100460,2025-08-12,Clayton Steele,mobile,NY
APP100461,2025-09-19,Jennifer Taylor,web,OH
APP100462,2025-09-16,Cody Reid,partner,NY
APP100463,2025-09-25,Maria Cooke,partner,OH
APP100464,2025-11-05,Katherine Taylor,branch,FL
APP100465,2025-08-23,Jerry Brown,partner,CA
APP100466,2025-09-09,Adam Taylor,partner,MI
APP100467,2025-12-03,Tracey Wagner,web,OH
APP100468,2025-12-05,Michael Perry PhD,mobile,PA
APP100469,2025-08-09,Bradley Johnson DDS,partner,CA
APP100470,2025-10-11,Donald Medina,partner,MI
APP100471,2025-11-05,Jim Newton,web,NY
APP100472,2025-10-13,Krista Wilson,partner,CA
APP100473,2025-09-05,Reginald Morrow,partner,PA
APP100474,2025-10-14,Rodney Williams,web,CA
APP100475,2026-01-11,Kimberly Fritz,branch,GA
APP100476,2025-11-13,Ronald Potter,branch,GA
APP100477,2025-12-03,Zachary Cole,partner,NY
APP100478,2026-01-02,Robert Gonzales,partner,TX
APP100479,2025-12-16,Patricia Young PhD,mobile,NC
APP100480,2025-10-06,Heather Page,partner,GA
APP100481,2025-07-30,Carol Taylor,mobile,NC
APP100482,2025-10-01,Daniel Brown,branch,NC
APP100483,2025-12-14,Douglas Ryan,partner,IL
APP100484,2026-01-02,Michael Roberts,partner,NY
APP100485,2026-01-20,Scott Duke,web,PA
APP100486,2025-10-14,Anna Estes,partner,NY
APP100487,2025-12-13,Tamara Riddle,branch,TX
APP100488,2025-11-06,Beth Cline,partner,MI
APP100489,2025-11-16,Michael Poole,mobile,GA
APP100490,2025-09-07,Megan Burns,partner,FL
APP100491,2025-09-07,Debra Perry,mobile,IL
APP100492,2025-10-17,Mark Beard,web,FL
APP100493,2025-08-03,Jose Ramirez,partner,OH
APP100494,2025-09-28,Jackie Clements,web,PA
APP100495,2025-11-30,Aaron Schroeder,web,TX
APP100496,2025-10-11,Monica Ellis,partner,MI
APP100497,2025-08-28,Heather Brown,mobile,TX
APP100498,2025-10-22,Claudia Jordan,partner,PA
APP100499,2025-08-21,Derrick Clayton,mobile,NY
APP100500,2025-11-20,Kenneth Knight,web,MI
APP100501,2025-08-02,Mr. Michael Williams,branch,OH
APP100502,2025-10-09,Richard Stevens,partner,IL
APP100503,2025-11-09,Scott Alexander,branch,NC
APP100504,2025-08-02,Tyler Harris,mobile,PA
APP100505,2025-11-24,Bonnie Santos,partner,PA
APP100506,2025-08-22,Timothy Hill,branch,NC
APP100507,2025-10-21,Danielle Watson,branch,IL
APP100508,2025-08-07,Carol Sanders,partner,FL
APP100509,2025-10-06,Michael Young,branch,NY
APP100510,2025-09-05,Michele Smith,partner,FL
APP100511,2025-09-27,Casey Perez,branch,IL
APP100512,2025-12-16,Alexandra Dominguez,web,MI
APP100513,2025-10-06,Virginia Henderson,partner,GA
APP100514,2025-12-14,Benjamin Reyes,web,TX
APP100515,2025-12-29,Ashley Edwards,web,OH
APP100516,2025-09-13,Breanna Ayala,branch,NY
APP100517,2025-08-13,Brandi Haney,mobile,IL
APP100518,2025-08-01,Joseph Smith,web,CA
APP100519,2025-11-05,Jessica Bowen,web,MI
APP100520,2026-01-28,Brittany Jenkins,web,IL
APP100521,2025-10-01,Shannon Miller,mobile,OH
APP100522,2025-11-25,Paul Lawrence,mobile,GA
APP100523,2025-12-19,Victor Edwards,web,PA
APP100524,2025-11-25,Donald Miller,mobile,FL
APP100525,2025-12-14,Lindsay Lawson,mobile,CA
APP100526,2026-01-19,Melissa Abbott,mobile,PA
APP100527,2025-09-03,Elizabeth Holmes,partner,FL
APP100528,2025-08-01,Nicole Phillips,web,FL
APP100529,2025-08-26,Steven Blevins,mobile,FL
APP100530,2025-08-21,Brian Porter MD,partner,FL
APP100531,2025-11-29,Vanessa Hatfield,branch,FL
APP100532,2025-11-09,Bonnie Valencia,branch,NY
APP100533,2025-09-07,Holly Vega,mobile,OH
APP100534,2025-12-04,Tiffany Townsend,web,NC
APP100535,2025-12-17,Austin Baker,mobile,NY
APP100536,2025-08-28,Antonio Mccormick,branch,OH
APP100537,2025-11-17,Lori Mason,web,CA
APP100538,2025-12-13,Michael Miller,web,TX
APP100539,2025-08-19,Lisa Ramirez,branch,NY
APP100540,2025-12-26,Jorge Harris,partner,CA
APP100541,2026-01-22,Kimberly Myers,partner,PA
APP100542,2025-08-17,Sandra Becker,mobile,CA
APP100543,2025-08-02,Michael Blair,web,MI
APP100544,2025-09-24,Amy Miller,mobile,PA
APP100545,2025-11-30,Jesse Lynch,web,IL
APP100546,2026-01-21,Patrick Yang,branch,CA
APP100547,2025-10-09,Michael Miles,web,GA
APP100548,2025-12-07,Troy Mills,web,NY
APP100549,2025-08-11,Michelle Jackson,branch,CA
APP100550,2025-12-03,Richard Adams,partner,FL
APP100551,2025-11-21,Patricia Johnson,branch,CA
APP100552,2025-08-16,Denise Brown,web,GA
APP100553,2025-12-18,Laura Jones,branch,NC
APP100554,2026-01-01,Ian Porter,web,NC
APP100555,2025-11-16,Holly Scott,partner,GA
APP100556,2025-08-20,Kenneth Sharp,partner,GA
APP100557,2026-01-26,Jordan Williams,web,PA
APP100558,2025-12-20,Dana Ruiz,partner,NC
APP100559,2025-09-30,Chris Velazquez,branch,NY
APP100560,2025-10-15,Kristen Sloan,partner,TX
APP100561,2025-10-05,Jennifer Morris,mobile,MI
APP100562,2025-10-30,Nathan Nelson,partner,NY
APP100563,2025-09-29,Jake Shaw,mobile,MI
APP100564,2026-01-01,Cassie Brock,branch,NY
APP100565,2025-12-27,Dr. Andrea Marshall,partner,CA
APP100566,2025-08-17,Ryan Murphy,partner,TX
APP100567,2026-01-21,Aimee Gonzalez,partner,FL
APP100568,2025-11-22,Elizabeth Dean,branch,OH
APP100569,2025-12-28,Kevin Snyder,branch,FL
APP100570,2025-12-06,Christie Mccullough,mobile,NC
APP100571,2025-10-17,Danielle Smith,web,TX
APP100572,2025-12-11,David Reed,branch,NY
APP100573,2026-01-22,Sherry Tapia,partner,MI
APP100574,2025-09-16,Matthew Sweeney,mobile,TX
APP100575,2025-12-24,Ashley Moreno,partner,CA
APP100576,2025-11-05,Johnathan Brown,partner,NY
APP100577,2025-10-25,Michelle Davis DVM,branch,CA
APP100578,2025-10-17,Kelly Haynes,web,TX
APP100579,2025-12-10,William Miller,partner,PA
APP100580,2025-09-16,Casey Wilkins,branch,CA
APP100581,2026-01-01,Keith Graham,mobile,OH
APP100582,2025-12-28,Cynthia Green,partner,OH
APP100583,2025-08-13,Robert Haynes,mobile,NC
APP100584,2026-01-07,Emily Nelson,branch,OH
APP100585,2025-09-11,Dale Chan,branch,CA
APP100586,2025-10-22,Brittney Martin,branch,GA
APP100587,2025-11-18,Jason Herrera,branch,NC
APP100588,2025-10-06,Christine Parker,branch,NC
APP100589,2025-08-03,Bryan Moore,web,CA
APP100590,2026-01-01,Samantha Terry,mobile,FL
APP100591,2025-08-31,Russell Murphy,web,TX
APP100592,2025-09-06,David Kelly,mobile,PA
APP100593,2025-12-22,Megan Green,partner,OH
APP100594,2025-09-29,Amanda Sullivan MD,partner,PA
APP100595,2026-01-06,Danielle Murray,mobile,OH
APP100596,2025-12-05,Brenda Smith,partner,IL
APP100597,2025-09-17,Vickie Anderson,partner,GA
APP100598,2025-07-30,Jacqueline Mccoy,partner,FL
APP100599,2026-01-19,Lauren Green,web,TX
APP100600,2025-08-13,Alison Brown,web,CA
APP100601,2025-12-08,Jill Anderson,branch,PA
APP100602,2025-10-26,Sandra Rivera,mobile,PA
APP100603,2025-12-15,Joel Jackson,partner,CA
APP100604,2025-12-03,Samantha Foster,mobile,TX
APP100605,2025-11-24,Michael Thompson,branch,TX
APP100606,2025-10-27,Cody Ramirez,branch,NC
APP100607,2025-12-21,Amanda Harvey,partner,IL
APP100608,2025-08-15,Edward Jenkins,branch,OH
APP100609,2025-09-07,Amy Ramirez,partner,GA
APP100610,2025-12-03,Curtis Wilkerson,branch,NC
APP100611,2025-09-23,Lydia Pham,branch,CA
APP100612,2025-11-13,Virginia Casey,partner,NC
APP100613,2025-10-24,Joshua Washington,branch,NY
APP100614,2025-11-03,Kathryn Price,branch,CA
APP100615,2025-10-15,Francis Robinson,branch,IL
APP100616,2025-12-13,Paula Brown,mobile,OH
APP100617,2025-09-27,Kendra Wang DVM,web,TX
APP100618,2025-12-05,Ariel Sandoval,mobile,NY
APP100619,2025-09-16,Robert Stark,branch,PA
APP100620,2025-09-13,Zachary Robinson,web,OH
APP100621,2025-08-20,Rebecca Kelly,mobile,CA
APP100622,2025-09-02,Sarah Thompson,mobile,FL
APP100623,2025-08-19,Renee Wolfe,mobile,GA
APP100624,2025-11-04,Alyssa Haynes,partner,NY
APP100625,2025-12-16,Kristy Hart,branch,GA
APP100626,2025-09-01,William Keith,branch,IL
APP100627,2025-09-06,Eric Henry Jr.,web,NC
APP100628,2025-10-26,Daniel Fox,mobile,NY
APP100629,2025-12-09,Thomas Harris,branch,GA
APP100630,2026-01-24,Mitchell Sellers,mobile,PA
APP100631,2025-11-02,Erica Johnson,branch,MI
APP100632,2025-09-19,Sylvia Schroeder,mobile,CA
APP100633,2025-08-16,Shannon Yu,branch,CA
APP100634,2025-09-02,Tom Foster,web,OH
APP100635,2025-09-08,Eric Taylor,mobile,IL
APP100636,2025-08-31,Travis Conner,branch,NY
APP100637,2025-07-31,Marie Thompson,web,IL
APP100638,2025-11-04,Melissa Mcfarland,web,GA
APP100639,2025-09-17,Courtney Chapman,branch,NC
APP100640,2026-01-24,Eric Barker,mobile,CA
APP100641,2025-11-07,Nicholas Rush,partner,CA
APP100642,2025-12-04,Jenna Gamble,web,NC
APP100643,2025-08-21,Amanda Guzman,web,PA
APP100644,2026-01-04,Tracy Walker,branch,IL
APP100645,2025-10-27,Taylor Taylor,partner,GA
APP100646,2026-01-05,Cynthia Haas,partner,FL
APP100647,2025-11-11,Stephen Davis,partner,CA
APP100648,2025-10-23,Margaret Tanner,branch,OH
APP100649,2025-10-18,Derek Wright,mobile,CA
APP100650,2025-08-31,David Rodriguez,web,TX
APP100651,2025-08-07,James Oconnor,branch,MI
APP100652,2026-01-18,Stacey Snyder,partner,PA
APP100653,2025-10-24,Joshua Garcia,web,NY
APP100654,2025-12-27,Sean Curtis,web,GA
APP100655,2025-10-10,Carla Jones,partner,NC
APP100656,2025-08-11,Elizabeth Flores,partner,FL
APP100657,2025-11-21,Angela Jackson,web,OH
APP100658,2025-08-07,Nicholas Payne,web,FL
APP100659,2025-08-25,Anna Wheeler,mobile,PA
APP100660,2025-11-09,Karen Johnson,mobile,TX
APP100661,2025-09-22,Carmen Preston,branch,TX
APP100662,2026-01-27,Brian Harris,web,NC
APP100663,2025-08-19,Michael Bowen,mobile,MI
APP100664,2025-12-16,Deborah Campbell,web,IL
APP100665,2025-11-17,Anthony Armstrong,partner,TX
APP100666,2025-12-21,Brittany Ward,mobile,NC
APP100667,2025-09-08,Edward Stanley,partner,MI
APP100668,2025-11-02,Christina Johnson,partner,PA
APP100669,2025-10-19,Edgar Miller,partner,GA
APP100670,2025-10-18,Elizabeth Sanders,branch,PA
APP100671,2026-01-03,Matthew Davis MD,partner,NC
APP100672,2026-01-27,Stephen Wood,branch,GA
APP100673,2025-09-23,Dennis Marshall,web,NC
APP100674,2025-11-20,Derrick Brown,web,PA
APP100675,2025-11-18,Mary Miller,mobile,CA
APP100676,2025-12-12,Joshua Arellano,mobile,CA
APP100677,2026-01-19,Kristen Randall,branch,PA
APP100678,2025-09-05,Jennifer Nichols,web,FL
APP100679,2025-09-05,Karen Keith,mobile,FL
APP100680,2025-11-27,Blake Orr,mobile,TX
APP100681,2025-08-26,Kathryn Lester,mobile,TX
APP100682,2025-08-29,Megan Oliver,web,GA
APP100683,2025-08-11,Peter Thompson,mobile,GA
APP100684,2025-07-29,Dr. Rhonda Martinez,web,CA
APP100685,2025-10-19,William Graham,partner,FL
APP100686,2025-11-15,Lori Flowers MD,partner,MI
APP100687,2025-09-20,Suzanne Jones,partner,PA
APP100688,2025-09-09,James Nguyen,branch,MI
APP100689,2025-12-06,Jimmy Marks,web,GA
APP100690,2025-12-05,Lisa Mills,mobile,MI
APP100691,2025-10-20,Jason Hernandez,branch,NC
APP100692,2025-12-02,Olivia Ayers,branch,NY
APP100693,2026-01-14,Kristine Garcia,partner,CA
APP100694,2025-12-20,Joseph Cooper,web,FL
APP100695,2025-11-21,James Washington,mobile,IL
APP100696,2025-11-27,Amanda Hill,branch,CA
APP100697,2026-01-16,Lee Steele,mobile,NC
APP100698,2025-10-15,Steve Rivera,partner,FL
APP100699,2025-11-06,Patrick Mccall,web,GA
APP100700,2025-11-25,Alicia Roth,mobile,IL
APP100701,2026-01-12,Douglas Vasquez,mobile,PA
APP100702,2025-12-28,Annette Melton,branch,PA
APP100703,2025-08-11,William Ramos,mobile,TX
APP100704,2025-08-28,Debra Butler,web,OH
APP100705,2025-09-23,Chelsea Lewis,web,NC
APP100706,2025-12-13,Natalie Malone,mobile,FL
APP100707,2025-11-10,Samantha Robertson,branch,OH
APP100708,2025-09-20,Eric Hunter,branch,OH
APP100709,2025-08-20,Samuel Suarez,partner,IL
APP100710,2025-12-02,Corey Whitaker,web,PA
APP100711,2025-12-04,Danielle Bryant,partner,GA
APP100712,2026-01-18,Michele Hill,branch,CA
APP100713,2025-10-29,Kathy Reid,partner,PA
APP100714,2025-10-27,Andre Watson,branch,NC
APP100715,2025-08-12,Cassandra Harrell,partner,NC
APP100716,2025-08-05,Hannah Martin,partner,FL
APP100717,2025-10-16,Nicole Barker,web,CA
APP100718,2025-09-26,James Martin,web,GA
APP100719,2025-09-13,Traci Vincent,partner,FL
APP100720,2025-08-14,Megan Adams,branch,IL
APP100721,2026-01-21,Alejandro Deleon,branch,GA
APP100722,2025-12-29,Alexa Buck,web,GA
APP100723,2025-11-11,Lindsay Smith,web,OH
APP100724,2026-01-19,Robert Torres,mobile,FL
APP100725,2026-01-28,Maria Coleman,web,NY
APP100726,2025-11-29,Gregory King,branch,PA
APP100727,2025-09-16,Michael Holloway,web,FL
APP100728,2025-08-05,Brian Hunt,mobile,GA
APP100729,2025-12-15,Sarah Brooks,partner,TX
APP100730,2025-10-23,Lisa Evans,partner,GA
APP100731,2025-11-25,Arthur Mcneil,branch,GA
APP100732,2026-01-13,Shannon Green,mobile,CA
APP100733,2025-08-31,Stephanie Evans,partner,MI
APP100734,2025-11-13,Ralph Yoder,partner,CA
APP100735,2025-11-22,Rebekah Greene,web,FL
APP100736,2025-10-27,Melanie Griffith,partner,TX
APP100737,2025-08-14,Yolanda Green,branch,PA
APP100738,2025-10-01,James Johnson,partner,TX
APP100739,2025-09-28,Laura Lee,branch,MI
APP100740,2025-11-29,Courtney Nichols,branch,FL
APP100741,2026-01-02,Susan Powers,web,TX
APP100742,2025-09-27,Sarah Pittman,mobile,GA
APP100743,2025-12-03,Catherine Davis,branch,TX
APP100744,2025-09-20,David Stokes,partner,IL
APP100745,2026-01-18,Catherine Frazier,partner,FL
APP100746,2025-12-25,Brandon Kelly,branch,PA
APP100747,2025-11-07,Elizabeth French,partner,FL
APP100748,2025-10-20,David Carter,web,GA
APP100749,2025-09-24,Julie Delacruz,partner,IL
APP100750,2025-09-26,Terry Jones,web,IL
APP100751,2026-01-23,Kathryn Dillon,branch,GA
APP100752,2025-10-11,Edwin Brown,branch,GA
APP100753,2025-10-31,Brenda Gonzalez,branch,IL
APP100754,2026-01-26,Keith Knox,web,IL
APP100755,2025-11-27,Eugene Baldwin,partner,CA
APP100756,2025-11-05,Katherine Welch,web,IL
APP100757,2025-10-13,Mark Smith,partner,NY
APP100758,2025-09-01,Philip Jackson,partner,NY
APP100759,2025-10-03,Katherine Gallagher,web,PA
APP100760,2025-12-15,Lucas Schultz,mobile,NY
APP100761,2025-11-21,Vincent Reyes,branch,IL
APP100762,2025-12-15,Curtis Watson,partner,TX
APP100763,2025-09-04,Frank Whitaker,partner,MI
APP100764,2025-11-07,Michael Sims,web,IL
APP100765,2026-01-15,Michael Cooper,mobile,OH
APP100766,2025-10-17,James Chapman,branch,IL
APP100767,2025-12-04,Rodney Evans,mobile,NY
APP100768,2025-08-20,Nicholas Carlson,branch,NC
APP100769,2026-01-24,Stephen Cowan,partner,FL
APP100770,2025-11-18,Steven Howard,partner,TX
APP100771,2025-09-11,Travis Hull,web,TX
APP100772,2025-08-27,Darryl Acosta,web,NC
APP100773,2025-11-07,Nicholas Lawrence,mobile,MI
APP100774,2025-11-07,Jacob Santos,mobile,OH
APP100775,2025-08-15,Shawn Scott,branch,TX
APP100776,2026-01-27,Amber Vang,web,NC
APP100777,2026-01-12,Martha Smith,partner,PA
APP100778,2025-10-21,Jennifer James,web,NY
APP100779,2025-08-19,Kara Hernandez,mobile,GA
APP100780,2025-12-29,Lorraine Turner,web,NC
APP100781,2025-10-28,Mary Nelson,partner,OH
APP100782,2025-12-07,Breanna Rivas,web,NC
APP100783,2025-10-30,Nathan Wilson,mobile,NC
APP100784,2025-09-17,Brian Gonzalez,partner,MI
APP100785,2025-12-29,Dennis Mills,branch,CA
APP100786,2026-01-25,Michael Phillips,branch,IL
APP100787,2025-09-11,Jon Clark,partner,GA
APP100788,2025-11-07,Erin Smith,partner,CA
APP100789,2025-10-07,Susan Conley,partner,CA
APP100790,2026-01-14,Brittany Davis,mobile,CA
APP100791,2025-10-30,Misty Garcia,partner,OH
APP100792,2026-01-06,David Hinton,mobile,GA
APP100793,2026-01-03,John Garcia,partner,CA
APP100794,2025-09-17,Andrew Roberts,mobile,FL
APP100795,2025-12-21,Emily Rodgers,mobile,FL
APP100796,2025-10-13,Peter Williams,web,PA
APP100797,2026-01-16,Mary Jackson,branch,CA
APP100798,2025-10-30,Jeffrey Howell,partner,MI
APP100799,2025-12-26,Anna Briggs,branch,NC
APP100800,2025-09-19,James Rivers,branch,PA
APP100801,2025-09-21,James Jefferson,web,TX
APP100802,2025-11-13,Mariah Robles,branch,NC
APP100803,2026-01-28,Michael Brown,branch,MI
APP100804,2025-10-27,Caitlin Perry,partner,GA
APP100805,2025-08-25,Rebekah Gregory,mobile,PA
APP100806,2025-11-05,James Howard,partner,NY
APP100807,2025-09-30,Michael Roberson,partner,TX
APP100808,2025-11-07,Bianca Knapp,branch,OH
APP100809,2025-11-05,Jason Williams,branch,IL
APP100810,2025-10-20,Ernest Bush,partner,OH
APP100811,2025-09-26,Patricia Ray,partner,MI
APP100812,2025-09-01,Vanessa Santiago,branch,GA
APP100813,2025-12-04,Joseph Haynes,mobile,CA
APP100814,2025-11-11,Matthew Wright,mobile,IL
APP100815,2025-09-09,Michael Cruz,partner,CA
APP100816,2025-12-18,Kristin Huerta,mobile,MI
APP100817,2025-08-06,Mason Moore,partner,GA
APP100818,2025-12-13,Sarah Booth,web,NC
APP100819,2025-12-05,John Allen,branch,FL
APP100820,2025-12-25,Amber Walker,partner,NC
APP100821,2025-10-08,Jennifer Young,partner,NC
APP100822,2025-11-28,Robert West,partner,TX
APP100823,2025-12-27,Jillian Wilson,mobile,NC
APP100824,2026-01-25,Matthew Garcia MD,partner,NY
APP100825,2025-10-28,April Davis,web,PA
APP100826,2025-08-04,Lisa Torres,mobile,OH
APP100827,2025-10-29,Christine Powers,branch,FL
APP100828,2025-11-14,Heidi Brown,web,NC
APP100829,2026-01-05,Jesse Castro,partner,MI
APP100830,2026-01-05,Kara Sandoval,web,MI
APP100831,2025-10-18,Ashley Malone,partner,IL
APP100832,2025-11-02,Glenn Gallegos,web,CA
APP100833,2025-10-21,Dorothy Boyd,mobile,NY
APP100834,2025-12-08,Amber Martin,partner,NY
APP100835,2025-10-12,Mitchell Griffith,mobile,TX
APP100836,2025-11-26,Levi Lopez,web,NC
APP100837,2025-08-26,Jenna Bryant,partner,IL
APP100838,2025-10-23,Michelle Rodriguez,branch,NC
APP100839,2026-01-23,Timothy Monroe,branch,TX
APP100840,2025-09-29,Patricia Hayes,partner,FL
APP100841,2025-12-03,Tina Taylor,web,NY
APP100842,2025-11-25,Mr. Anthony Mcconnell PhD,branch,PA
APP100843,2026-01-01,Mr. Thomas Thompson,partner,OH
APP100844,2026-01-01,Monica Anderson,branch,GA
APP100845,2026-01-03,Kyle Andrade,partner,TX
APP100846,2025-10-06,Janice Petty,web,CA
APP100847,2025-09-25,Pamela Hill,web,OH
APP100848,2025-12-08,Tracy Chavez,mobile,CA
APP100849,2025-12-15,Jason Graves,branch,NY
APP100850,2026-01-05,Elizabeth Miles,mobile,OH
APP100851,2025-08-04,Michelle Walls,web,NY
APP100852,2025-08-10,Christina Weber,partner,IL
APP100853,2025-11-22,Gregory Chambers,web,FL
APP100854,2026-01-14,Miss Tina Gordon,web,MI
APP100855,2026-01-28,Erica Wilson,partner,CA
APP100856,2025-12-13,John Duncan,mobile,FL
APP100857,2025-10-16,Jennifer Adkins,branch,TX
APP100858,2025-08-16,Donna Boone,web,PA
APP100859,2025-11-22,Kelly Johnson,web,OH
APP100860,2026-01-05,Michael Gonzalez,branch,FL
APP100861,2025-10-18,Candace Mitchell,web,NC
APP100862,2025-12-03,Ryan Vaughn,branch,FL
APP100863,2026-01-11,Paul Johnson,branch,TX
APP100864,2025-08-06,Ashley Parrish,branch,IL
APP100865,2025-12-22,Sharon Newton,partner,IL
APP100866,2025-09-20,Cynthia Mueller,mobile,PA
APP100867,2025-10-05,Donna Beck,mobile,GA
APP100868,2025-08-24,Jasmine Frye,partner,PA
APP100869,2025-11-03,Emily Arnold,mobile,OH
APP100870,2025-11-10,David Oliver,mobile,CA
APP100871,2025-12-21,Sheila Greer,mobile,CA
APP100872,2025-08-29,Michele Holland,web,FL
APP100873,2025-08-12,Kimberly Morrison,partner,CA
APP100874,2026-01-05,Tracey Phillips,mobile,GA
APP100875,2025-11-20,Michael Lopez,partner,MI
APP100876,2025-09-11,Jose Bennett,mobile,IL
APP100877,2026-01-12,Justin Anderson,mobile,FL
APP100878,2025-08-24,Dawn Rivera,partner,OH
APP100879,2025-10-21,Brittney Hernandez,branch,FL
APP100880,2025-09-13,Anthony Randolph,partner,NY
APP100881,2025-09-13,Mary Henry,branch,NY
APP100882,2025-07-30,Heather Bowers,web,NY
APP100883,2025-12-24,Daniel White,partner,GA
APP100884,2026-01-10,Jonathan Perry,branch,CA
APP100885,2025-11-30,Anna Walker,mobile,NC
APP100886,2025-08-27,Gary Ward,web,FL
APP100887,2025-10-18,Paul Moreno,partner,NC
APP100888,2025-09-30,Samantha Zavala MD,branch,GA
APP100889,2025-11-14,Jill Conway,branch,IL
APP100890,2025-11-23,Lisa Haley,partner,FL
APP100891,2025-10-15,Erica Moon,branch,GA
APP100892,2025-09-13,Janice Fernandez,partner,CA
APP100893,2025-12-31,Thomas Short,branch,IL
APP100894,2025-09-03,Robert Griffin,mobile,CA
APP100895,2025-10-07,Steven Lee,partner,GA
APP100896,2025-10-25,Tiffany Jackson,partner,OH
APP100897,2025-09-10,Kimberly Smith,web,IL
APP100898,2025-11-11,Michael Ayala,mobile,TX
APP100899,2025-11-11,Jessica Garcia,partner,IL
APP100900,2026-01-27,Michele Cherry,branch,CA
APP100901,2025-09-21,Maria Case,branch,FL
APP100902,2026-01-24,Brittany Stevens,branch,FL
APP100903,2025-11-27,Brandon Brown,web,FL
APP100904,2025-09-17,Kristin Andrews,partner,NC
APP100905,2025-11-10,David Hughes,branch,IL
APP100906,2025-12-02,Jessica Smith,web,TX
APP100907,2025-12-13,Kimberly May,web,NC
APP100908,2025-08-07,Nicole Richards,partner,NY
APP100909,2025-11-17,Angel Reilly,branch,CA
APP100910,2025-10-28,Richard Turner,mobile,CA
APP100911,2026-01-11,Preston Kim,branch,PA
APP100912,2025-09-19,Matthew Wells,mobile,OH
APP100913,2025-12-22,Brandy Myers,mobile,IL
APP100914,2025-11-17,Kimberly Choi,branch,TX
APP100915,2025-10-01,Michael Sloan,mobile,NY
APP100916,2025-11-23,Monica Brooks,web,IL
APP100917,2025-11-20,Kristen Peters,web,NC
APP100918,2025-11-30,Aaron Carlson,branch,TX
APP100919,2025-12-08,Theresa Torres,partner,IL
APP100920,2025-11-27,Stephanie Cooper,web,IL
APP100921,2025-12-30,Matthew Hunt,branch,MI
APP100922,2025-11-21,Daniel Davenport,mobile,NY
APP100923,2026-01-11,Christopher Marsh,web,IL
APP100924,2025-11-24,Sarah Randolph,branch,NC
APP100925,2025-09-23,Julia Dunn MD,branch,GA
APP100926,2025-10-18,Brett Swanson,partner,FL
APP100927,2025-11-12,Mr. Carl Rios,mobile,IL
APP100928,2025-12-10,Manuel Mccullough,mobile,OH
APP100929,2025-08-14,Jerry Jensen,mobile,GA
APP100930,2025-09-21,Kevin Cunningham,branch,MI
APP100931,2025-12-13,Eugene Patterson,branch,NY
APP100932,2025-08-30,David Walker,mobile,IL
APP100933,2025-08-22,Jessica Larsen,branch,PA
APP100934,2025-11-05,Nicholas Humphrey,partner,MI
APP100935,2026-01-23,Ian Torres,branch,NY
APP100936,2025-11-03,Casey Obrien,branch,NC
APP100937,2026-01-13,Shannon Taylor,web,CA
APP100938,2025-12-28,Deborah Mercado,partner,OH
APP100939,2025-09-14,Bernard Smith,web,GA
APP100940,2025-12-27,Amanda Perkins,mobile,OH
APP100941,2025-10-25,Kevin Escobar,mobile,MI
APP100942,2025-12-24,Kimberly Lutz,partner,OH
APP100943,2025-12-13,Reginald Diaz,branch,FL
APP100944,2025-09-29,Raymond Quinn,web,IL
APP100945,2025-08-19,John Dixon,partner,NC
APP100946,2026-01-22,Jonathan Bates,web,NY
APP100947,2025-08-23,Renee Mendez,branch,GA
APP100948,2026-01-22,Jose Griffin,web,FL
APP100949,2026-01-03,Travis Hopkins,partner,MI
APP100950,2025-12-09,Nancy Webb,branch,FL
APP100951,2026-01-25,Daniel Freeman,branch,CA
APP100952,2026-01-22,Jacob Williams,partner,NC
APP100953,2025-12-24,Terry Ward,branch,FL
APP100954,2025-10-04,Jesse Williams,web,OH
APP100955,2025-12-21,Mrs. Michele Boyd,mobile,CA
APP100956,2025-07-31,Sandy Baker,partner,GA
APP100957,2025-11-04,Carrie Valdez,web,NC
APP100958,2025-10-20,Matthew Houston,branch,FL
APP100959,2025-11-29,Jamie Solomon,mobile,CA
APP100960,2025-11-29,Heather Parrish,web,FL
APP100961,2025-11-13,Mr. Larry Shaw,partner,CA
APP100962,2025-12-27,Christopher Jones,branch,TX
APP100963,2026-01-18,Christine Lopez,partner,IL
APP100964,2025-08-17,Mitchell Wilson,web,NC
APP100965,2025-09-10,Robert Cortez,mobile,MI
APP100966,2025-08-02,Mr. Daniel Martin,web,MI
APP100967,2026-01-07,Alison Williams,web,TX
APP100968,2025-11-09,Candace Soto,branch,FL
APP100969,2026-01-13,Kenneth Brown,partner,TX
APP100970,2025-09-07,Christopher Mullen,web,MI
APP100971,2025-08-09,Kristy Smith,web,TX
APP100972,2025-12-27,Mary Campbell,mobile,TX
APP100973,2026-01-12,Jerry Haney,mobile,MI
APP100974,2025-09-22,Carolyn Greer,partner,NC
APP100975,2025-10-12,Rebecca Hoover,partner,CA
APP100976,2025-08-23,Matthew Baker,branch,NC
APP100977,2026-01-19,Grace Chavez,partner,CA
APP100978,2025-09-23,Crystal Cruz,mobile,FL
APP100979,2025-10-27,Dale Heath,partner,TX
APP100980,2025-08-15,Jennifer Hernandez,web,TX
APP100981,2026-01-08,John Mendez,partner,PA
APP100982,2025-08-22,Richard Gordon,partner,IL
APP100983,2025-10-20,John Anderson,branch,FL
APP100984,2025-11-29,Samantha Prince,web,OH
APP100985,2025-12-12,Marie Boyd,branch,OH
APP100986,2026-01-19,Andrew Moreno,mobile,CA
APP100987,2025-10-14,Robert Clarke,partner,GA
APP100988,2025-12-12,Kevin Figueroa,partner,TX
APP100989,2025-08-26,Melissa Davis,mobile,NY
APP100990,2025-10-13,John Hall,branch,TX
APP100991,2025-08-16,Diane Mcdowell,web,PA
APP100992,2025-10-27,Colin Fletcher,branch,CA
APP100993,2025-10-12,Laura Wilson,branch,NC
APP100994,2026-01-20,Matthew Watts,web,TX
APP100995,2025-08-04,Jack Moore,partner,NC
APP100996,2025-10-05,Dawn Wyatt,branch,MI
APP100997,2025-10-18,Jacob Hill,mobile,MI
APP100998,2026-01-19,Nicole Gutierrez,web,FL
APP100999,2026-01-02,Karen Wood,partner,TX
